KombinationsID,Position,Strategie,Gewinne,Zuge,Hat_Gekickt,Wurde_Gekickt,Token_in_Winspot_gesetzt
0,Player 1,strategies.DefensiveStrategy,28,225,99,114,287
0,Player 2,strategies.DefensiveStrategy,20,225,82,85,274
0,Player 3,strategies.DefensiveStrategy,30,225,104,93,281
0,Player 4,strategies.DefensiveStrategy,25,225,106,99,283
1,Player 1,strategies.DefensiveStrategy,36,246,130,248,304
1,Player 2,strategies.DefensiveStrategy,24,246,95,241,279
1,Player 3,strategies.DefensiveStrategy,32,246,110,197,288
1,Player 4,strategies.MixedStrategy,11,246,466,115,215
2,Player 1,strategies.DefensiveStrategy,10,198,89,98,262
2,Player 2,strategies.DefensiveStrategy,13,198,78,83,235
2,Player 3,strategies.DefensiveStrategy,5,198,97,98,239
2,Player 4,strategies.MoveFirstStrategy,74,198,80,65,365
3,Player 1,strategies.DefensiveStrategy,16,211,95,69,277
3,Player 2,strategies.DefensiveStrategy,16,211,97,101,258
3,Player 3,strategies.DefensiveStrategy,17,211,78,87,258
3,Player 4,strategies.MoveLastStrategy,54,211,72,85,313
4,Player 1,strategies.DefensiveStrategy,29,249,92,93,294
4,Player 2,strategies.DefensiveStrategy,35,249,77,74,304
4,Player 3,strategies.DefensiveStrategy,40,249,57,64,309
4,Player 4,strategies.RandomStrategy,0,249,104,99,20
5,Player 1,strategies.DefensiveStrategy,33,424,300,1264,269
5,Player 2,strategies.DefensiveStrategy,36,424,264,1099,261
5,Player 3,strategies.DefensiveStrategy,34,424,245,1063,285
5,Player 4,strategies.AggressiveStrategy,0,424,3055,438,18
6,Player 1,strategies.DefensiveStrategy,25,259,107,243,285
6,Player 2,strategies.DefensiveStrategy,36,259,95,207,302
6,Player 3,strategies.MixedStrategy,20,259,492,138,242
6,Player 4,strategies.DefensiveStrategy,25,259,162,268,283
7,Player 1,strategies.DefensiveStrategy,36,277,118,350,297
7,Player 2,strategies.DefensiveStrategy,32,277,139,370,287
7,Player 3,strategies.MixedStrategy,20,277,462,250,229
7,Player 4,strategies.MixedStrategy,12,277,521,270,225
8,Player 1,strategies.DefensiveStrategy,12,222,99,213,242
8,Player 2,strategies.DefensiveStrategy,18,222,93,204,253
8,Player 3,strategies.MixedStrategy,6,222,423,123,186
8,Player 4,strategies.MoveFirstStrategy,67,222,139,214,358
9,Player 1,strategies.DefensiveStrategy,16,239,117,222,250
9,Player 2,strategies.DefensiveStrategy,26,239,113,231,268
9,Player 3,strategies.MixedStrategy,16,239,478,110,212
9,Player 4,strategies.MoveLastStrategy,46,239,108,253,287
10,Player 1,strategies.DefensiveStrategy,36,269,113,231,304
10,Player 2,strategies.DefensiveStrategy,39,269,91,209,306
10,Player 3,strategies.MixedStrategy,27,269,612,143,251
10,Player 4,strategies.RandomStrategy,0,269,179,412,14
11,Player 1,strategies.DefensiveStrategy,39,457,313,1404,284
11,Player 2,strategies.DefensiveStrategy,52,457,249,1146,312
11,Player 3,strategies.MixedStrategy,10,457,754,1197,172
11,Player 4,strategies.AggressiveStrategy,0,457,3162,731,43
12,Player 1,strategies.DefensiveStrategy,14,197,66,83,249
12,Player 2,strategies.DefensiveStrategy,14,197,70,58,245
12,Player 3,strategies.MoveFirstStrategy,58,197,84,90,343
12,Player 4,strategies.DefensiveStrategy,19,197,92,81,249
13,Player 1,strategies.DefensiveStrategy,19,227,103,239,256
13,Player 2,strategies.DefensiveStrategy,14,227,109,213,239
13,Player 3,strategies.MoveFirstStrategy,62,227,107,210,345
13,Player 4,strategies.MixedStrategy,8,227,440,97,196
14,Player 1,strategies.DefensiveStrategy,10,192,73,79,239
14,Player 2,strategies.DefensiveStrategy,9,192,90,92,229
14,Player 3,strategies.MoveFirstStrategy,41,192,80,70,316
14,Player 4,strategies.MoveFirstStrategy,44,192,68,70,326
15,Player 1,strategies.DefensiveStrategy,8,200,126,93,241
15,Player 2,strategies.DefensiveStrategy,11,200,95,89,235
15,Player 3,strategies.MoveFirstStrategy,52,200,79,87,332
15,Player 4,strategies.MoveLastStrategy,36,200,59,90,275
16,Player 1,strategies.DefensiveStrategy,16,212,106,89,265
16,Player 2,strategies.DefensiveStrategy,11,212,75,92,238
16,Player 3,strategies.MoveFirstStrategy,74,212,83,81,369
16,Player 4,strategies.RandomStrategy,0,212,95,97,15
17,Player 1,strategies.DefensiveStrategy,22,374,309,1213,225
17,Player 2,strategies.DefensiveStrategy,16,374,260,1067,211
17,Player 3,strategies.MoveFirstStrategy,63,374,233,967,327
17,Player 4,strategies.AggressiveStrategy,0,374,2874,429,18
18,Player 1,strategies.DefensiveStrategy,20,213,105,79,274
18,Player 2,strategies.DefensiveStrategy,14,213,76,92,254
18,Player 3,strategies.MoveLastStrategy,49,213,55,92,308
18,Player 4,strategies.DefensiveStrategy,18,213,111,84,268
19,Player 1,strategies.DefensiveStrategy,25,249,147,284,285
19,Player 2,strategies.DefensiveStrategy,18,249,114,250,265
19,Player 3,strategies.MoveLastStrategy,46,249,95,304,270
19,Player 4,strategies.MixedStrategy,15,249,619,137,226
20,Player 1,strategies.DefensiveStrategy,13,202,112,84,267
20,Player 2,strategies.DefensiveStrategy,12,202,74,96,238
20,Player 3,strategies.MoveLastStrategy,38,202,64,107,272
20,Player 4,strategies.MoveFirstStrategy,42,202,101,64,324
21,Player 1,strategies.DefensiveStrategy,9,204,116,85,248
21,Player 2,strategies.DefensiveStrategy,13,204,92,89,231
21,Player 3,strategies.MoveLastStrategy,32,204,57,88,258
21,Player 4,strategies.MoveLastStrategy,50,204,91,94,298
22,Player 1,strategies.DefensiveStrategy,19,216,91,73,256
22,Player 2,strategies.DefensiveStrategy,15,216,66,76,258
22,Player 3,strategies.MoveLastStrategy,67,216,49,98,338
22,Player 4,strategies.RandomStrategy,0,216,136,95,16
23,Player 1,strategies.DefensiveStrategy,44,491,402,1546,294
23,Player 2,strategies.DefensiveStrategy,37,491,327,1381,281
23,Player 3,strategies.MoveLastStrategy,19,491,287,1618,181
23,Player 4,strategies.AggressiveStrategy,0,491,4069,540,27
24,Player 1,strategies.DefensiveStrategy,40,247,83,90,312
24,Player 2,strategies.DefensiveStrategy,31,247,77,93,287
24,Player 3,strategies.RandomStrategy,0,247,118,109,16
24,Player 4,strategies.DefensiveStrategy,31,247,91,77,295
25,Player 1,strategies.DefensiveStrategy,38,285,131,287,308
25,Player 2,strategies.DefensiveStrategy,40,285,110,237,311
25,Player 3,strategies.RandomStrategy,0,285,146,356,17
25,Player 4,strategies.MixedStrategy,25,285,613,120,258
26,Player 1,strategies.DefensiveStrategy,13,208,77,89,249
26,Player 2,strategies.DefensiveStrategy,13,208,58,67,248
26,Player 3,strategies.RandomStrategy,0,208,114,107,3
26,Player 4,strategies.MoveFirstStrategy,75,208,95,81,370
27,Player 1,strategies.DefensiveStrategy,18,224,122,95,271
27,Player 2,strategies.DefensiveStrategy,15,224,105,97,251
27,Player 3,strategies.RandomStrategy,0,224,103,108,10
27,Player 4,strategies.MoveLastStrategy,67,224,81,111,343
28,Player 1,strategies.DefensiveStrategy,58,267,76,78,341
28,Player 2,strategies.DefensiveStrategy,42,267,88,101,308
28,Player 3,strategies.RandomStrategy,0,267,87,96,24
28,Player 4,strategies.RandomStrategy,0,267,132,108,26
29,Player 1,strategies.DefensiveStrategy,57,535,384,1595,326
29,Player 2,strategies.DefensiveStrategy,44,535,296,1436,292
29,Player 3,strategies.RandomStrategy,0,535,482,1849,5
29,Player 4,strategies.AggressiveStrategy,0,535,4311,593,8
30,Player 1,strategies.DefensiveStrategy,31,424,266,1156,249
30,Player 2,strategies.DefensiveStrategy,29,424,275,1148,266
30,Player 3,strategies.AggressiveStrategy,0,424,3126,484,3
30,Player 4,strategies.DefensiveStrategy,40,424,376,1255,287
31,Player 1,strategies.DefensiveStrategy,43,478,286,1320,296
31,Player 2,strategies.DefensiveStrategy,43,478,308,1325,286
31,Player 3,strategies.AggressiveStrategy,0,478,3285,736,11
31,Player 4,strategies.MixedStrategy,15,478,828,1326,183
32,Player 1,strategies.DefensiveStrategy,17,391,243,1100,225
32,Player 2,strategies.DefensiveStrategy,25,391,253,1046,230
32,Player 3,strategies.AggressiveStrategy,0,391,2958,417,3
32,Player 4,strategies.MoveFirstStrategy,59,391,355,1246,325
33,Player 1,strategies.DefensiveStrategy,37,438,321,1157,279
33,Player 2,strategies.DefensiveStrategy,28,438,307,1174,263
33,Player 3,strategies.AggressiveStrategy,0,438,3103,452,8
33,Player 4,strategies.MoveLastStrategy,36,438,312,1260,260
34,Player 1,strategies.DefensiveStrategy,51,526,371,1402,307
34,Player 2,strategies.DefensiveStrategy,49,526,348,1417,317
34,Player 3,strategies.AggressiveStrategy,0,526,4183,639,3
34,Player 4,strategies.RandomStrategy,0,526,585,2029,18
35,Player 1,strategies.DefensiveStrategy,53,663,414,2265,306
35,Player 2,strategies.DefensiveStrategy,48,663,435,2120,313
35,Player 3,strategies.AggressiveStrategy,0,663,4231,2081,2
35,Player 4,strategies.AggressiveStrategy,0,663,3750,2364,16
36,Player 1,strategies.DefensiveStrategy,30,250,102,220,297
36,Player 2,strategies.MixedStrategy,18,250,466,133,220
36,Player 3,strategies.DefensiveStrategy,25,250,128,245,279
36,Player 4,strategies.DefensiveStrategy,28,250,111,209,289
37,Player 1,strategies.DefensiveStrategy,35,288,148,405,295
37,Player 2,strategies.MixedStrategy,14,288,521,296,227
37,Player 3,strategies.DefensiveStrategy,38,288,146,362,301
37,Player 4,strategies.MixedStrategy,15,288,543,295,236
38,Player 1,strategies.DefensiveStrategy,19,222,114,209,265
38,Player 2,strategies.MixedStrategy,5,222,407,99,188
38,Player 3,strategies.DefensiveStrategy,15,222,120,248,240
38,Player 4,strategies.MoveFirstStrategy,62,222,120,205,348
39,Player 1,strategies.DefensiveStrategy,31,246,133,214,292
39,Player 2,strategies.MixedStrategy,7,246,528,149,198
39,Player 3,strategies.DefensiveStrategy,20,246,136,260,255
39,Player 4,strategies.MoveLastStrategy,42,246,114,288,267
40,Player 1,strategies.DefensiveStrategy,35,273,142,247,297
40,Player 2,strategies.MixedStrategy,28,273,556,127,257
40,Player 3,strategies.DefensiveStrategy,40,273,105,269,308
40,Player 4,strategies.RandomStrategy,0,273,169,329,17
41,Player 1,strategies.DefensiveStrategy,53,519,346,1574,309
41,Player 2,strategies.MixedStrategy,8,519,839,1353,174
41,Player 3,strategies.DefensiveStrategy,39,519,315,1512,286
41,Player 4,strategies.AggressiveStrategy,0,519,3695,756,26
42,Player 1,strategies.DefensiveStrategy,38,286,119,346,303
42,Player 2,strategies.MixedStrategy,10,286,506,306,199
42,Player 3,strategies.MixedStrategy,24,286,558,299,237
42,Player 4,strategies.DefensiveStrategy,32,286,165,397,290
43,Player 1,strategies.DefensiveStrategy,47,331,177,557,318
43,Player 2,strategies.MixedStrategy,13,331,608,511,220
43,Player 3,strategies.MixedStrategy,19,331,578,460,217
43,Player 4,strategies.MixedStrategy,25,331,623,458,253
44,Player 1,strategies.DefensiveStrategy,23,260,121,343,267
44,Player 2,strategies.MixedStrategy,7,260,517,274,173
44,Player 3,strategies.MixedStrategy,9,260,501,292,177
44,Player 4,strategies.MoveFirstStrategy,65,260,157,387,348
45,Player 1,strategies.DefensiveStrategy,38,284,168,360,302
45,Player 2,strategies.MixedStrategy,14,284,583,300,228
45,Player 3,strategies.MixedStrategy,9,284,552,321,185
45,Player 4,strategies.MoveLastStrategy,42,284,147,469,256
46,Player 1,strategies.DefensiveStrategy,50,313,165,385,327
46,Player 2,strategies.MixedStrategy,31,313,635,297,260
46,Player 3,strategies.MixedStrategy,19,313,653,364,242
46,Player 4,strategies.RandomStrategy,0,313,256,663,16
47,Player 1,strategies.DefensiveStrategy,60,577,369,1684,337
47,Player 2,strategies.MixedStrategy,17,577,896,1545,200
47,Player 3,strategies.MixedStrategy,24,577,954,1539,212
47,Player 4,strategies.AggressiveStrategy,0,577,3716,1167,39
48,Player 1,strategies.DefensiveStrategy,6,226,106,204,233
48,Player 2,strategies.MixedStrategy,7,226,408,106,183
48,Player 3,strategies.MoveFirstStrategy,69,226,113,216,355
48,Player 4,strategies.DefensiveStrategy,22,226,110,211,258
49,Player 1,strategies.DefensiveStrategy,17,259,119,341,255
49,Player 2,strategies.MixedStrategy,8,259,541,305,176
49,Player 3,strategies.MoveFirstStrategy,69,259,171,371,360
49,Player 4,strategies.MixedStrategy,10,259,493,307,184
50,Player 1,strategies.DefensiveStrategy,16,220,106,213,246
50,Player 2,strategies.MixedStrategy,2,220,468,126,158
50,Player 3,strategies.MoveFirstStrategy,38,220,128,249,308
50,Player 4,strategies.MoveFirstStrategy,49,220,120,234,314
51,Player 1,strategies.DefensiveStrategy,14,226,100,220,251
51,Player 2,strategies.MixedStrategy,6,226,475,127,189
51,Player 3,strategies.MoveFirstStrategy,48,226,132,235,324
51,Player 4,strategies.MoveLastStrategy,35,226,90,215,242
52,Player 1,strategies.DefensiveStrategy,15,240,120,252,250
52,Player 2,strategies.MixedStrategy,15,240,501,113,215
52,Player 3,strategies.MoveFirstStrategy,71,240,112,232,361
52,Player 4,strategies.RandomStrategy,1,240,147,283,19
53,Player 1,strategies.DefensiveStrategy,28,421,309,1263,260
53,Player 2,strategies.MixedStrategy,3,421,711,1099,138
53,Player 3,strategies.MoveFirstStrategy,70,421,275,1129,345
53,Player 4,strategies.AggressiveStrategy,0,421,2850,654,33
54,Player 1,strategies.DefensiveStrategy,20,245,123,229,266
54,Player 2,strategies.MixedStrategy,12,245,486,130,207
54,Player 3,strategies.MoveLastStrategy,45,245,103,282,281
54,Player 4,strategies.DefensiveStrategy,26,245,146,217,280
55,Player 1,strategies.DefensiveStrategy,28,280,179,396,289
55,Player 2,strategies.MixedStrategy,12,280,528,282,200
55,Player 3,strategies.MoveLastStrategy,43,280,119,442,270
55,Player 4,strategies.MixedStrategy,18,280,580,286,225
56,Player 1,strategies.DefensiveStrategy,17,224,126,213,254
56,Player 2,strategies.MixedStrategy,7,224,422,121,184
56,Player 3,strategies.MoveLastStrategy,28,224,92,230,232
56,Player 4,strategies.MoveFirstStrategy,52,224,125,201,328
57,Player 1,strategies.DefensiveStrategy,21,239,138,217,260
57,Player 2,strategies.MixedStrategy,14,239,504,120,213
57,Player 3,strategies.MoveLastStrategy,36,239,102,267,266
57,Player 4,strategies.MoveLastStrategy,33,239,112,252,266
58,Player 1,strategies.DefensiveStrategy,20,256,157,244,255
58,Player 2,strategies.MixedStrategy,19,256,549,139,215
58,Player 3,strategies.MoveLastStrategy,66,256,104,276,331
58,Player 4,strategies.RandomStrategy,0,256,185,336,17
59,Player 1,strategies.DefensiveStrategy,53,509,408,1547,309
59,Player 2,strategies.MixedStrategy,12,509,894,1408,159
59,Player 3,strategies.MoveLastStrategy,35,509,295,1701,208
59,Player 4,strategies.AggressiveStrategy,0,509,3876,817,27
60,Player 1,strategies.DefensiveStrategy,41,295,111,240,313
60,Player 2,strategies.MixedStrategy,27,295,615,139,270
60,Player 3,strategies.RandomStrategy,0,295,192,439,22
60,Player 4,strategies.DefensiveStrategy,37,295,129,229,314
61,Player 1,strategies.DefensiveStrategy,47,325,156,414,323
61,Player 2,strategies.MixedStrategy,31,325,655,335,266
61,Player 3,strategies.RandomStrategy,0,325,243,683,14
61,Player 4,strategies.MixedStrategy,24,325,681,303,245
62,Player 1,strategies.DefensiveStrategy,18,238,81,187,263
62,Player 2,strategies.MixedStrategy,13,238,472,122,193
62,Player 3,strategies.RandomStrategy,0,238,148,329,11
62,Player 4,strategies.MoveFirstStrategy,73,238,125,188,364
63,Player 1,strategies.DefensiveStrategy,31,259,141,215,291
63,Player 2,strategies.MixedStrategy,13,259,562,128,235
63,Player 3,strategies.RandomStrategy,0,259,168,368,12
63,Player 4,strategies.MoveLastStrategy,57,259,95,255,324
64,Player 1,strategies.DefensiveStrategy,62,326,135,261,342
64,Player 2,strategies.MixedStrategy,39,326,789,147,290
64,Player 3,strategies.RandomStrategy,0,326,167,475,19
64,Player 4,strategies.RandomStrategy,0,326,210,418,20
65,Player 1,strategies.DefensiveStrategy,76,659,420,1973,358
65,Player 2,strategies.MixedStrategy,24,659,1211,1661,223
65,Player 3,strategies.RandomStrategy,0,659,646,2440,7
65,Player 4,strategies.AggressiveStrategy,0,659,4818,1021,10
66,Player 1,strategies.DefensiveStrategy,44,492,300,1257,295
66,Player 2,strategies.MixedStrategy,8,492,886,1307,163
66,Player 3,strategies.AggressiveStrategy,0,492,3347,931,12
66,Player 4,strategies.DefensiveStrategy,48,492,375,1413,304
67,Player 1,strategies.DefensiveStrategy,62,569,333,1517,342
67,Player 2,strategies.MixedStrategy,20,569,960,1495,199
67,Player 3,strategies.AggressiveStrategy,0,569,3583,1139,21
67,Player 4,strategies.MixedStrategy,19,569,899,1624,204
68,Player 1,strategies.DefensiveStrategy,28,424,229,1079,268
68,Player 2,strategies.MixedStrategy,6,424,772,1130,142
68,Player 3,strategies.AggressiveStrategy,0,424,2846,737,6
68,Player 4,strategies.MoveFirstStrategy,66,424,338,1239,343
69,Player 1,strategies.DefensiveStrategy,50,465,303,1150,312
69,Player 2,strategies.MixedStrategy,12,465,894,1279,159
69,Player 3,strategies.AggressiveStrategy,0,465,3071,786,3
69,Player 4,strategies.MoveLastStrategy,38,465,325,1378,252
70,Player 1,strategies.DefensiveStrategy,79,583,363,1457,357
70,Player 2,strategies.MixedStrategy,22,583,983,1492,208
70,Player 3,strategies.AggressiveStrategy,0,583,4313,1020,6
70,Player 4,strategies.RandomStrategy,0,583,613,2303,7
71,Player 1,strategies.DefensiveStrategy,86,772,457,2392,377
71,Player 2,strategies.MixedStrategy,14,772,1182,2407,181
71,Player 3,strategies.AggressiveStrategy,0,772,4493,2571,7
71,Player 4,strategies.AggressiveStrategy,0,772,4047,2809,22
72,Player 1,strategies.DefensiveStrategy,18,207,74,97,263
72,Player 2,strategies.MoveFirstStrategy,65,207,91,90,356
72,Player 3,strategies.DefensiveStrategy,9,207,79,80,247
72,Player 4,strategies.DefensiveStrategy,11,207,97,74,265
73,Player 1,strategies.DefensiveStrategy,17,229,128,260,270
73,Player 2,strategies.MoveFirstStrategy,65,229,98,179,351
73,Player 3,strategies.DefensiveStrategy,16,229,77,181,247
73,Player 4,strategies.MixedStrategy,8,229,448,131,215
74,Player 1,strategies.DefensiveStrategy,10,190,78,88,246
74,Player 2,strategies.MoveFirstStrategy,47,190,80,78,334
74,Player 3,strategies.DefensiveStrategy,11,190,76,60,233
74,Player 4,strategies.MoveFirstStrategy,40,190,57,65,312
75,Player 1,strategies.DefensiveStrategy,6,202,102,83,238
75,Player 2,strategies.MoveFirstStrategy,52,202,96,84,333
75,Player 3,strategies.DefensiveStrategy,16,202,91,89,253
75,Player 4,strategies.MoveLastStrategy,33,202,58,91,251
76,Player 1,strategies.DefensiveStrategy,17,213,97,98,266
76,Player 2,strategies.MoveFirstStrategy,72,213,79,76,363
76,Player 3,strategies.DefensiveStrategy,16,213,77,96,256
76,Player 4,strategies.RandomStrategy,0,213,112,95,10
77,Player 1,strategies.DefensiveStrategy,28,394,336,1210,259
77,Player 2,strategies.MoveFirstStrategy,54,394,240,1081,316
77,Player 3,strategies.DefensiveStrategy,19,394,254,1102,239
77,Player 4,strategies.AggressiveStrategy,0,394,2995,432,12
78,Player 1,strategies.DefensiveStrategy,15,230,110,210,255
78,Player 2,strategies.MoveFirstStrategy,62,230,87,187,343
78,Player 3,strategies.MixedStrategy,8,230,444,122,201
78,Player 4,strategies.DefensiveStrategy,17,230,121,243,255
79,Player 1,strategies.DefensiveStrategy,24,253,125,382,265
79,Player 2,strategies.MoveFirstStrategy,60,253,123,320,337
79,Player 3,strategies.MixedStrategy,7,253,478,266,189
79,Player 4,strategies.MixedStrategy,10,253,507,265,196
80,Player 1,strategies.DefensiveStrategy,11,212,90,202,224
80,Player 2,strategies.MoveFirstStrategy,46,212,115,190,321
80,Player 3,strategies.MixedStrategy,3,212,393,109,165
80,Player 4,strategies.MoveFirstStrategy,46,212,116,213,316
81,Player 1,strategies.DefensiveStrategy,13,223,128,215,250
81,Player 2,strategies.MoveFirstStrategy,40,223,136,236,306
81,Player 3,strategies.MixedStrategy,5,223,458,116,181
81,Player 4,strategies.MoveLastStrategy,45,223,80,235,259
82,Player 1,strategies.DefensiveStrategy,18,246,137,215,267
82,Player 2,strategies.MoveFirstStrategy,73,246,90,216,368
82,Player 3,strategies.MixedStrategy,11,246,523,120,212
82,Player 4,strategies.RandomStrategy,0,246,181,380,15
83,Player 1,strategies.DefensiveStrategy,36,420,274,1235,276
83,Player 2,strategies.MoveFirstStrategy,58,420,248,1118,329
83,Player 3,strategies.MixedStrategy,6,420,701,1104,159
83,Player 4,strategies.AggressiveStrategy,0,420,2892,658,28
84,Player 1,strategies.DefensiveStrategy,8,193,82,79,246
84,Player 2,strategies.MoveFirstStrategy,41,193,85,91,320
84,Player 3,strategies.MoveFirstStrategy,40,193,85,79,317
84,Player 4,strategies.DefensiveStrategy,16,193,81,84,252
85,Player 1,strategies.DefensiveStrategy,15,211,115,239,253
85,Player 2,strategies.MoveFirstStrategy,48,211,107,196,327
85,Player 3,strategies.MoveFirstStrategy,36,211,118,211,302
85,Player 4,strategies.MixedStrategy,5,211,403,97,172
86,Player 1,strategies.DefensiveStrategy,8,189,67,70,234
86,Player 2,strategies.MoveFirstStrategy,32,189,88,87,301
86,Player 3,strategies.MoveFirstStrategy,40,189,85,86,319
86,Player 4,strategies.MoveFirstStrategy,25,189,89,86,300
87,Player 1,strategies.DefensiveStrategy,9,192,103,83,239
87,Player 2,strategies.MoveFirstStrategy,33,192,96,78,316
87,Player 3,strategies.MoveFirstStrategy,38,192,69,78,320
87,Player 4,strategies.MoveLastStrategy,30,192,65,94,246
88,Player 1,strategies.DefensiveStrategy,5,203,92,81,242
88,Player 2,strategies.MoveFirstStrategy,52,203,62,71,337
88,Player 3,strategies.MoveFirstStrategy,49,203,75,87,337
88,Player 4,strategies.RandomStrategy,0,203,101,91,8
89,Player 1,strategies.DefensiveStrategy,16,338,264,1048,208
89,Player 2,strategies.MoveFirstStrategy,34,338,228,907,255
89,Player 3,strategies.MoveFirstStrategy,50,338,214,859,300
89,Player 4,strategies.AggressiveStrategy,0,338,2462,354,19
90,Player 1,strategies.DefensiveStrategy,14,196,96,81,253
90,Player 2,strategies.MoveFirstStrategy,45,196,74,81,328
90,Player 3,strategies.MoveLastStrategy,35,196,60,100,267
90,Player 4,strategies.DefensiveStrategy,10,196,125,93,237
91,Player 1,strategies.DefensiveStrategy,22,235,175,289,263
91,Player 2,strategies.MoveFirstStrategy,54,235,106,207,336
91,Player 3,strategies.MoveLastStrategy,26,235,89,277,227
91,Player 4,strategies.MixedStrategy,8,235,552,149,184
92,Player 1,strategies.DefensiveStrategy,12,195,91,80,250
92,Player 2,strategies.MoveFirstStrategy,33,195,82,97,305
92,Player 3,strategies.MoveLastStrategy,34,195,69,105,251
92,Player 4,strategies.MoveFirstStrategy,28,195,123,83,295
93,Player 1,strategies.DefensiveStrategy,8,197,102,77,246
93,Player 2,strategies.MoveFirstStrategy,35,197,94,99,315
93,Player 3,strategies.MoveLastStrategy,31,197,61,85,257
93,Player 4,strategies.MoveLastStrategy,34,197,87,83,272
94,Player 1,strategies.DefensiveStrategy,9,206,107,77,242
94,Player 2,strategies.MoveFirstStrategy,51,206,87,100,329
94,Player 3,strategies.MoveLastStrategy,43,206,49,91,306
94,Player 4,strategies.RandomStrategy,0,206,135,110,8
95,Player 1,strategies.DefensiveStrategy,25,441,347,1369,260
95,Player 2,strategies.MoveFirstStrategy,66,441,283,1191,336
95,Player 3,strategies.MoveLastStrategy,10,441,247,1487,144
95,Player 4,strategies.AggressiveStrategy,0,441,3624,454,29
96,Player 1,strategies.DefensiveStrategy,17,211,66,72,270
96,Player 2,strategies.MoveFirstStrategy,71,211,81,84,361
96,Player 3,strategies.RandomStrategy,0,211,92,103,12
96,Player 4,strategies.DefensiveStrategy,14,211,104,84,253
97,Player 1,strategies.DefensiveStrategy,12,247,114,266,254
97,Player 2,strategies.MoveFirstStrategy,80,247,108,224,370
97,Player 3,strategies.RandomStrategy,0,247,140,314,9
97,Player 4,strategies.MixedStrategy,9,247,567,125,213
98,Player 1,strategies.DefensiveStrategy,15,201,76,89,242
98,Player 2,strategies.MoveFirstStrategy,58,201,68,73,343
98,Player 3,strategies.RandomStrategy,0,201,96,99,5
98,Player 4,strategies.MoveFirstStrategy,34,201,97,76,319
99,Player 1,strategies.DefensiveStrategy,12,202,98,83,243
99,Player 2,strategies.MoveFirstStrategy,52,202,89,79,334
99,Player 3,strategies.RandomStrategy,0,202,88,85,6
99,Player 4,strategies.MoveLastStrategy,38,202,68,96,262
100,Player 1,strategies.DefensiveStrategy,21,229,94,76,282
100,Player 2,strategies.MoveFirstStrategy,82,229,71,86,376
100,Player 3,strategies.RandomStrategy,0,229,93,97,15
100,Player 4,strategies.RandomStrategy,0,229,106,105,13
101,Player 1,strategies.DefensiveStrategy,31,448,329,1372,264
101,Player 2,strategies.MoveFirstStrategy,69,448,242,1148,345
101,Player 3,strategies.RandomStrategy,0,448,380,1477,2
101,Player 4,strategies.AggressiveStrategy,0,448,3518,472,3
102,Player 1,strategies.DefensiveStrategy,23,359,233,985,234
102,Player 2,strategies.MoveFirstStrategy,57,359,254,917,315
102,Player 3,strategies.AggressiveStrategy,0,359,2624,416,3
102,Player 4,strategies.DefensiveStrategy,20,359,314,1107,234
103,Player 1,strategies.DefensiveStrategy,21,423,294,1227,244
103,Player 2,strategies.MoveFirstStrategy,72,423,238,1105,339
103,Player 3,strategies.AggressiveStrategy,0,423,2862,663,9
103,Player 4,strategies.MixedStrategy,8,423,763,1162,161
104,Player 1,strategies.DefensiveStrategy,12,357,221,1006,210
104,Player 2,strategies.MoveFirstStrategy,46,357,211,912,302
104,Player 3,strategies.AggressiveStrategy,0,357,2639,423,5
104,Player 4,strategies.MoveFirstStrategy,42,357,338,1068,288
105,Player 1,strategies.DefensiveStrategy,19,368,275,980,233
105,Player 2,strategies.MoveFirstStrategy,53,368,251,928,307
105,Player 3,strategies.AggressiveStrategy,0,368,2510,378,8
105,Player 4,strategies.MoveLastStrategy,28,368,259,1009,227
106,Player 1,strategies.DefensiveStrategy,31,442,326,1223,264
106,Player 2,strategies.MoveFirstStrategy,70,442,252,1126,356
106,Player 3,strategies.AggressiveStrategy,0,442,3520,530,5
106,Player 4,strategies.RandomStrategy,0,442,479,1698,9
107,Player 1,strategies.DefensiveStrategy,21,540,369,1882,223
107,Player 2,strategies.MoveFirstStrategy,79,540,345,1730,359
107,Player 3,strategies.AggressiveStrategy,0,540,3406,1662,2
107,Player 4,strategies.AggressiveStrategy,0,540,3073,1919,14
108,Player 1,strategies.DefensiveStrategy,20,215,68,77,271
108,Player 2,strategies.MoveLastStrategy,56,215,61,92,325
108,Player 3,strategies.DefensiveStrategy,14,215,101,80,261
108,Player 4,strategies.DefensiveStrategy,18,215,112,93,269
109,Player 1,strategies.DefensiveStrategy,25,248,133,260,284
109,Player 2,strategies.MoveLastStrategy,42,248,80,268,272
109,Player 3,strategies.DefensiveStrategy,26,248,127,225,266
109,Player 4,strategies.MixedStrategy,9,248,556,143,213
110,Player 1,strategies.DefensiveStrategy,11,199,72,87,255
110,Player 2,strategies.MoveLastStrategy,36,199,73,105,256
110,Player 3,strategies.DefensiveStrategy,11,199,117,88,231
110,Player 4,strategies.MoveFirstStrategy,47,199,110,92,326
111,Player 1,strategies.DefensiveStrategy,13,204,103,87,247
111,Player 2,strategies.MoveLastStrategy,38,204,75,100,274
111,Player 3,strategies.DefensiveStrategy,12,204,108,90,230
111,Player 4,strategies.MoveLastStrategy,40,204,98,107,276
112,Player 1,strategies.DefensiveStrategy,15,219,98,95,260
112,Player 2,strategies.MoveLastStrategy,68,219,58,91,332
112,Player 3,strategies.DefensiveStrategy,20,219,102,81,257
112,Player 4,strategies.RandomStrategy,0,219,120,111,17
113,Player 1,strategies.DefensiveStrategy,35,455,371,1394,285
113,Player 2,strategies.MoveLastStrategy,12,455,260,1475,123
113,Player 3,strategies.DefensiveStrategy,53,455,314,1078,317
113,Player 4,strategies.AggressiveStrategy,0,455,3473,471,22
114,Player 1,strategies.DefensiveStrategy,15,246,130,256,261
114,Player 2,strategies.MoveLastStrategy,47,246,83,276,286
114,Player 3,strategies.MixedStrategy,15,246,537,125,233
114,Player 4,strategies.DefensiveStrategy,25,246,156,249,272
115,Player 1,strategies.DefensiveStrategy,30,303,149,398,296
115,Player 2,strategies.MoveLastStrategy,37,303,134,526,259
115,Player 3,strategies.MixedStrategy,15,303,662,304,238
115,Player 4,strategies.MixedStrategy,18,303,658,375,218
116,Player 1,strategies.DefensiveStrategy,10,226,105,222,248
116,Player 2,strategies.MoveLastStrategy,25,226,88,266,202
116,Player 3,strategies.MixedStrategy,9,226,483,101,190
116,Player 4,strategies.MoveFirstStrategy,60,226,128,215,341
117,Player 1,strategies.DefensiveStrategy,19,240,128,232,265
117,Player 2,strategies.MoveLastStrategy,35,240,129,320,232
117,Player 3,strategies.MixedStrategy,5,240,552,128,180
117,Player 4,strategies.MoveLastStrategy,45,240,130,259,296
118,Player 1,strategies.DefensiveStrategy,31,268,114,242,288
118,Player 2,strategies.MoveLastStrategy,52,268,86,334,291
118,Player 3,strategies.MixedStrategy,17,268,717,137,241
118,Player 4,strategies.RandomStrategy,0,268,204,408,16
119,Player 1,strategies.DefensiveStrategy,67,598,379,1706,349
119,Player 2,strategies.MoveLastStrategy,17,598,316,2036,169
119,Player 3,strategies.MixedStrategy,16,598,1243,1569,208
119,Player 4,strategies.AggressiveStrategy,0,598,4349,976,25
120,Player 1,strategies.DefensiveStrategy,11,199,80,72,238
120,Player 2,strategies.MoveLastStrategy,38,199,51,86,268
120,Player 3,strategies.MoveFirstStrategy,42,199,112,99,326
120,Player 4,strategies.DefensiveStrategy,12,199,108,94,245
121,Player 1,strategies.DefensiveStrategy,9,232,137,263,231
121,Player 2,strategies.MoveLastStrategy,26,232,92,283,209
121,Player 3,strategies.MoveFirstStrategy,61,232,134,214,344
121,Player 4,strategies.MixedStrategy,7,232,517,120,201
122,Player 1,strategies.DefensiveStrategy,6,191,67,86,232
122,Player 2,strategies.MoveLastStrategy,33,191,58,80,250
122,Player 3,strategies.MoveFirstStrategy,29,191,91,76,294
122,Player 4,strategies.MoveFirstStrategy,38,191,93,67,323
123,Player 1,strategies.DefensiveStrategy,4,198,98,83,235
123,Player 2,strategies.MoveLastStrategy,40,198,74,81,283
123,Player 3,strategies.MoveFirstStrategy,31,198,88,81,304
123,Player 4,strategies.MoveLastStrategy,34,198,83,98,270
124,Player 1,strategies.DefensiveStrategy,15,209,105,97,257
124,Player 2,strategies.MoveLastStrategy,42,209,50,90,276
124,Player 3,strategies.MoveFirstStrategy,44,209,80,77,320
124,Player 4,strategies.RandomStrategy,0,209,145,116,8
125,Player 1,strategies.DefensiveStrategy,30,403,310,1233,253
125,Player 2,strategies.MoveLastStrategy,6,403,222,1228,114
125,Player 3,strategies.MoveFirstStrategy,67,403,292,1006,340
125,Player 4,strategies.AggressiveStrategy,0,403,3090,447,10
126,Player 1,strategies.DefensiveStrategy,17,211,97,86,268
126,Player 2,strategies.MoveLastStrategy,36,211,72,95,269
126,Player 3,strategies.MoveLastStrategy,39,211,89,110,296
126,Player 4,strategies.DefensiveStrategy,11,211,111,78,256
127,Player 1,strategies.DefensiveStrategy,19,247,158,266,268
127,Player 2,strategies.MoveLastStrategy,33,247,93,287,250
127,Player 3,strategies.MoveLastStrategy,42,247,108,277,273
127,Player 4,strategies.MixedStrategy,7,247,603,132,213
128,Player 1,strategies.DefensiveStrategy,10,198,106,99,243
128,Player 2,strategies.MoveLastStrategy,31,198,56,89,260
128,Player 3,strategies.MoveLastStrategy,30,198,101,116,262
128,Player 4,strategies.MoveFirstStrategy,34,198,127,86,310
